{"cameraMode":{"drawMode":0,"name":"Shaded","section":"Shading Mode"},"sceneLighting":true,"audioPlay":false,"sceneViewState":{"m_AlwaysRefresh":false,"showFog":true,"showSkybox":true,"showFlares":true,"showImageEffects":true,"showParticleSystems":true,"showVisualEffectGraphs":true,"m_FxEnabled":true},"in2DMode":false,"pivot":{"x":12.647258758544922,"y":2.075413942337036,"z":6.5793938636779789},"rotation":{"x":0.018935024738311769,"y":0.8918180465698242,"z":0.03747517243027687,"w":-0.45044082403182986},"size":12.37653923034668,"orthographic":false}