{"cameraMode":{"drawMode":0,"name":"Shaded","section":"Shading Mode"},"sceneLighting":true,"audioPlay":false,"sceneViewState":{"m_AlwaysRefresh":false,"showFog":true,"showSkybox":true,"showFlares":true,"showImageEffects":true,"showParticleSystems":true,"showVisualEffectGraphs":true,"m_FxEnabled":true},"in2DMode":false,"pivot":{"x":11.008703231811524,"y":1.612212061882019,"z":13.610669136047364},"rotation":{"x":0.10586895048618317,"y":0.7005797624588013,"z":-0.10630431771278382,"w":0.6976133584976196},"size":0.07803821563720703,"orthographic":false}