{"cameraMode":{"drawMode":0,"name":"Shaded","section":"Shading Mode"},"sceneLighting":true,"audioPlay":false,"sceneViewState":{"m_AlwaysRefresh":false,"showFog":true,"showSkybox":true,"showFlares":true,"showImageEffects":true,"showParticleSystems":true,"showVisualEffectGraphs":true,"m_FxEnabled":true},"in2DMode":false,"pivot":{"x":-10.011382102966309,"y":1.9805145263671876,"z":14.470013618469239},"rotation":{"x":0.3435971140861511,"y":0.23580700159072877,"z":-0.08956743776798248,"w":0.9046039581298828},"size":8.075212478637696,"orthographic":false}