{"cameraMode":{"drawMode":0,"name":"Shaded","section":"Shading Mode"},"sceneLighting":true,"audioPlay":false,"sceneViewState":{"m_AlwaysRefresh":false,"showFog":true,"showSkybox":true,"showFlares":true,"showImageEffects":true,"showParticleSystems":true,"showVisualEffectGraphs":true,"m_FxEnabled":true},"in2DMode":false,"pivot":{"x":-8.528212547302246,"y":2.4610416889190676,"z":10.617293357849121},"rotation":{"x":0.05695278197526932,"y":-0.023958813399076463,"z":0.001367127988487482,"w":0.9980892539024353},"size":4.477873802185059,"orthographic":false}